{"cameraMode":{"drawMode":0,"name":"Shaded","section":"Shading Mode"},"sceneLighting":true,"audioPlay":false,"sceneViewState":{"showFog":true,"showMaterialUpdate":false,"showSkybox":true,"showFlares":true,"showImageEffects":true,"showParticleSystems":true},"in2DMode":false,"pivot":{"x":-1.3279144763946534,"y":0.7304443120956421,"z":-1.5416016578674317},"rotation":{"x":-0.21860623359680177,"y":-0.6646333336830139,"z":0.21305522322654725,"w":-0.6820045709609985},"size":6.507678508758545,"orthographic":true}